{"id":1,"label":"person","outE":{"created":[{"id":9,"inV":3,"properties":{"weight":0.4}}],"knows":[{"id":7,"inV":2,"properties":{"weight":0.5}},{"id":8,"inV":4,"properties":{"weight":1.0}}]},"properties":{"name":[{"id":0,"value":"marko"}],"age":[{"id":1,"value":29}]}}
{"id":2,"label":"person","inE":{"knows":[{"id":7,"outV":1,"properties":{"weight":0.5}}]},"properties":{"name":[{"id":2,"value":"vadas"}],"age":[{"id":3,"value":27}]}}
{"id":3,"label":"software","inE":{"created":[{"id":9,"outV":1,"properties":{"weight":0.4}},{"id":11,"outV":4,"properties":{"weight":0.4}},{"id":12,"outV":6,"properties":{"weight":0.2}}]},"properties":{"name":[{"id":4,"value":"lop"}],"lang":[{"id":5,"value":"java"}]}}
{"id":4,"label":"person","inE":{"knows":[{"id":8,"outV":1,"properties":{"weight":1.0}}]},"outE":{"created":[{"id":10,"inV":5,"properties":{"weight":1.0}},{"id":11,"inV":3,"properties":{"weight":0.4}}]},"properties":{"name":[{"id":6,"value":"josh"}],"age":[{"id":7,"value":32}]}}
{"id":5,"label":"software","inE":{"created":[{"id":10,"outV":4,"properties":{"weight":1.0}}]},"properties":{"name":[{"id":8,"value":"ripple"}],"lang":[{"id":9,"value":"java"}]}}
{"id":6,"label":"person","outE":{"created":[{"id":12,"inV":3,"properties":{"weight":0.2}}]},"properties":{"name":[{"id":10,"value":"peter"}],"age":[{"id":11,"value":35}]}}
{"id":13,"label":"person","outE":{"created":[{"id":21,"inV":15,"properties":{"weight":0.4}}],"knows":[{"id":19,"inV":14,"properties":{"weight":0.5}},{"id":20,"inV":16,"properties":{"weight":1.0}}]},"properties":{"name":[{"id":0,"value":"marko"}],"age":[{"id":1,"value":29}]}}
{"id":14,"label":"person","inE":{"knows":[{"id":19,"outV":13,"properties":{"weight":0.5}}]},"properties":{"name":[{"id":2,"value":"vadas"}],"age":[{"id":3,"value":27}]}}
{"id":15,"label":"software","inE":{"created":[{"id":21,"outV":13,"properties":{"weight":0.4}},{"id":23,"outV":16,"properties":{"weight":0.4}},{"id":24,"outV":18,"properties":{"weight":0.2}}]},"properties":{"name":[{"id":4,"value":"lop"}],"lang":[{"id":5,"value":"java"}]}}
{"id":16,"label":"person","inE":{"knows":[{"id":20,"outV":13,"properties":{"weight":1.0}}]},"outE":{"created":[{"id":22,"inV":17,"properties":{"weight":1.0}},{"id":23,"inV":15,"properties":{"weight":0.4}}]},"properties":{"name":[{"id":6,"value":"josh"}],"age":[{"id":7,"value":32}]}}
{"id":17,"label":"software","inE":{"created":[{"id":22,"outV":16,"properties":{"weight":1.0}}]},"properties":{"name":[{"id":8,"value":"ripple"}],"lang":[{"id":9,"value":"java"}]}}
{"id":18,"label":"person","outE":{"created":[{"id":24,"inV":15,"properties":{"weight":0.2}}]},"properties":{"name":[{"id":10,"value":"peter"}],"age":[{"id":11,"value":35}]}}
{"id":25,"label":"person","outE":{"created":[{"id":33,"inV":27,"properties":{"weight":0.4}}],"knows":[{"id":32,"inV":28,"properties":{"weight":1.0}},{"id":31,"inV":26,"properties":{"weight":0.5}}]},"properties":{"name":[{"id":0,"value":"marko"}],"age":[{"id":1,"value":29}]}}
{"id":26,"label":"person","inE":{"knows":[{"id":31,"outV":25,"properties":{"weight":0.5}}]},"properties":{"name":[{"id":2,"value":"vadas"}],"age":[{"id":3,"value":27}]}}
{"id":27,"label":"software","inE":{"created":[{"id":33,"outV":25,"properties":{"weight":0.4}},{"id":35,"outV":28,"properties":{"weight":0.4}},{"id":36,"outV":30,"properties":{"weight":0.2}}]},"properties":{"name":[{"id":4,"value":"lop"}],"lang":[{"id":5,"value":"java"}]}}
{"id":28,"label":"person","inE":{"knows":[{"id":32,"outV":25,"properties":{"weight":1.0}}]},"outE":{"created":[{"id":34,"inV":29,"properties":{"weight":1.0}},{"id":35,"inV":27,"properties":{"weight":0.4}}]},"properties":{"name":[{"id":6,"value":"josh"}],"age":[{"id":7,"value":32}]}}
{"id":29,"label":"software","inE":{"created":[{"id":34,"outV":28,"properties":{"weight":1.0}}]},"properties":{"name":[{"id":8,"value":"ripple"}],"lang":[{"id":9,"value":"java"}]}}
{"id":30,"label":"person","outE":{"created":[{"id":36,"inV":27,"properties":{"weight":0.2}}]},"properties":{"name":[{"id":10,"value":"peter"}],"age":[{"id":11,"value":35}]}}
